cookie,timestamp
AtY0laUfhglK3IC7,2011-04-30T14:19:00+00:00
asdFghjklOiu76t4,2011-05-30T11:02:00+00:00
AtY0laUfhglK3IC7,2011-06-30T10:11:00+00:00
iEuBn3fvb654bw3F,2011-04-30T14:19:00+00:00
iEuBn3fvb654bw3F,2011-05-30T11:02:00+00:00
AtY0laUfhglK3IC7,2011-04-30T14:19:00+00:00
AtY0laUfhglK3IC7,2011-04-30T12:19:00+00:00
asdFghjklOiu76t4,2011-06-30T10:11:00+00:00
AtY0laUfhglK3IC7,2011-05-30T11:02:00+00:00
iEuBn3fvb654bw3F,2011-04-30T17:19:00+00:00
AtY0laUfhglK3IC7,2011-06-30T10:11:00+00:00
iEuBn3fvb654bw3F,2011-04-30T14:19:00+00:00
iEuBn3fvb654bw3F,2011-05-30T1:02:00+00:00
asdFghjklOiu76t4,2011-04-30T14:19:00+00:00
AtY0laUfhglK3IC7,2011-06-30T10:11:00+00:00
AtY0laUfhglK3IC7,2011-04-30T12:19:00+00:00
iEuBn3fvb654bw3F,2011-04-30T14:19:00+00:00
asdFghjklOiu76t4,2011-06-30T10:11:00+00:00
iEuBn3fvb654bw3F,2011-05-30T11:02:00+00:00